BioConductor,,,EDAM / Topic,,,EDAM / Operation,,,EDAM / Data,,,EDAM / Format,,,,,,
Key,Term,Category,Term,URI,Accept,Term,URI,Accept,Term,URI,Accept,Term,URI,Accept,Comment,Validated,Term,URI
166,MultipleSequenceAlignment,Alignment,Alignment,http://edamontology.org/topic_0083,Y,Alignment,http://edamontology.org/operation_2928,Y,Alignment,http://edamontology.org/data_1916,Y,Alignment format,http://edamontology.org/format_1921,Y,,Yes,,
12,ChipManufacturer,AnnotationData,Information retrieval,http://edamontology.org/topic_0090,N,Annotation,http://edamontology.org/operation_0226,N,Annotation,http://edamontology.org/data_2018,N,Notation3,http://edamontology.org/format_3257,N,,No,,
18,ChipName,AnnotationData,ChIP-seq,http://edamontology.org/topic_3169,N,Annotation,http://edamontology.org/operation_0226,Y,Annotation,http://edamontology.org/data_2018,Y,Notation3,http://edamontology.org/format_3257,N,,No,,
14,CustomArray,AnnotationData,Microarrays,http://edamontology.org/topic_0200,N,Annotation,http://edamontology.org/operation_0226,N,Annotation,http://edamontology.org/data_2018,N,Notation3,http://edamontology.org/format_3257,N,,No,,
13,CustomCDF,AnnotationData,Information retrieval,http://edamontology.org/topic_0090,N,Annotation,http://edamontology.org/operation_0226,N,Annotation,http://edamontology.org/data_2018,N,Notation3,http://edamontology.org/format_3257,N,,No,,
15,CustomDBSchema,AnnotationData,Information retrieval,http://edamontology.org/topic_0090,N,Annotation,http://edamontology.org/operation_0226,N,Annotation,http://edamontology.org/data_2018,N,Notation3,http://edamontology.org/format_3257,N,,No,,
16,FunctionalAnnotation,AnnotationData,Genome annotation,http://edamontology.org/topic_0222,N,Annotation,http://edamontology.org/operation_0226,Y,Annotation,http://edamontology.org/data_2018,Y,Notation3,http://edamontology.org/format_3257,N,,No,,
11,Organism,AnnotationData,Organisms,http://edamontology.org/topic_0621,Y,Annotation,http://edamontology.org/operation_0226,Y,,,,,,,,No,,
19,PackageType,AnnotationData,Information retrieval,http://edamontology.org/topic_0090,N,Annotation,http://edamontology.org/operation_0226,N,Annotation,http://edamontology.org/data_2018,N,Notation3,http://edamontology.org/format_3257,N,,No,,
17,SequenceAnnotation,AnnotationData,Sequence annotation,http://edamontology.org/topic_0221,Y,Sequence annotation,http://edamontology.org/operation_0361,Y,Scent annotation,http://edamontology.org/data_0964,N,Notation3,http://edamontology.org/format_3257,N,,No,,
26,aCGH,AssayDomain,,,,,,,,,,GCG,http://edamontology.org/format_1935,N,,No,,
27,CellBasedAssays,AssayDomain,,,,,,,SMART domain name,http://edamontology.org/data_2782,N,,,,,No,,
28,ChIPchip,AssayDomain,ChIP-chip,http://edamontology.org/topic_3179,Y,,,,,,,,,,,No,,
29,CopyNumberVariation,AssayDomain,Genetic variation,http://edamontology.org/topic_0199,N,,,,,,,,,,,No,,
30,CpGIsland,AssayDomain,CpG island and isochores,http://edamontology.org/topic_1304,N,CpG island and isochores detection,http://edamontology.org/operation_0430,N,SMART domain name,http://edamontology.org/data_2782,N,,,,,No,,
31,DNAMethylation,AssayDomain,DNA methylation,http://edamontology.org/topic_3171,Y,SNP detection,http://edamontology.org/operation_0484,N,Annotation,http://edamontology.org/data_2018,N,PubMed citation,http://edamontology.org/format_1734,N,,No,,
32,ExonArray,AssayDomain,,,,,,,Array,http://edamontology.org/data_2082,Y,,,,,No,,
33,GeneExpression,AssayDomain,Gene expression,http://edamontology.org/topic_0203,Y,Gene expression analysis,http://edamontology.org/operation_2410,Y,Gene Expression Atlas Experiment ID,http://edamontology.org/data_3568,N,Gene expression data format,http://edamontology.org/format_2058,Y,,No,,
34,GeneticVariability,AssayDomain,Genetic variation,http://edamontology.org/topic_0199,N,,,,,,,,,,,No,,
35,SNP,AssayDomain,SNP,http://edamontology.org/topic_2277,Y,,,,,,,,,,,No,,
36,Transcription,AssayDomain,Transcription,http://edamontology.org/topic_0110,Y,Transposon prediction,http://edamontology.org/operation_0427,N,Transcriptional features (report),http://edamontology.org/data_3138,N,,,,,No,,
404,CopyNumberVariationData,AssayDomainData,,,,Copy number estimation,http://edamontology.org/operation_3233,N,Pfam domain name,http://edamontology.org/data_2757,N,,,,,No,,
405,CpGIslandData,AssayDomainData,,,,,,,SMART domain name,http://edamontology.org/data_2782,N,,,,,No,,
407,ExpressionData,AssayDomainData,Gene expression analysis,http://edamontology.org/topic_0203,N,Gene expression analysis,http://edamontology.org/operation_2410,N,Gene expression data,http://edamontology.org/data_2603,Y,Gene expression data format,http://edamontology.org/format_2058,Y,,No,,
406,SNPData,AssayDomainData,,,,,,,Data,http://edamontology.org/data_0006,Y,dat,http://edamontology.org/format_1637,N,,No,,
2,AnnotationData,BiocViews,Biomarkers,http://edamontology.org/topic_3360,N,Annotation,http://edamontology.org/operation_0226,N,Annotation,http://edamontology.org/data_2018,Y,Notation3,http://edamontology.org/format_3257,N,,No,,
3,ExperimentData,BiocViews,PCR experiment,http://edamontology.org/topic_3519,N,,,,Experimental data,http://edamontology.org/data_2028,Y,Experiment annotation format,http://edamontology.org/format_3167,N,,No,,
1,Software,BiocViews,Software engineering,http://edamontology.org/topic_3372,N,,,,,,,,,,,No,,
81,AlternativeSplicing,BiologicalQuestion,Alternative medicine,http://edamontology.org/topic_3423,N,Tau angle calculation,http://edamontology.org/operation_1828,N,Biological model ID,http://edamontology.org/data_1085,N,,,,"""Biological Question"" category map to EDAM Operation",No,,
82,Coverage,BiologicalQuestion,Biological chemistry,http://edamontology.org/topic_3292,N,Tau angle calculation,http://edamontology.org/operation_1828,N,Biological model ID,http://edamontology.org/data_1085,N,,,,,No,,
83,DemethylateRegionDetection,BiologicalQuestion,Biological chemistry,http://edamontology.org/topic_3292,N,Protein feature detection,http://edamontology.org/operation_3092,N,Biological model ID,http://edamontology.org/data_1085,N,,,,,No,,
84,DenovoAssembler,BiologicalQuestion,Biological modelling,http://edamontology.org/topic_2259,N,Genome assembly,http://edamontology.org/operation_3440,N,Biological model ID,http://edamontology.org/data_1085,N,,,,,No,,
85,DifferentialExpression,BiologicalQuestion,Biological modelling,http://edamontology.org/topic_2259,N,Differential expression analysis,http://edamontology.org/operation_3223,Y,Biological model ID,http://edamontology.org/data_1085,N,,,,,Yes,,
86,DifferentialMethylation,BiologicalQuestion,Biological chemistry,http://edamontology.org/topic_3292,N,Differential expression analysis,http://edamontology.org/operation_3223,N,Biological model ID,http://edamontology.org/data_1085,N,,,,,No,,
87,DifferentialPeakCalling,BiologicalQuestion,Biological modelling,http://edamontology.org/topic_2259,N,Peak calling,http://edamontology.org/operation_3222,N,Biological model ID,http://edamontology.org/data_1085,N,,,,,No,,
88,DifferentialSplicing,BiologicalQuestion,Biological chemistry,http://edamontology.org/topic_3292,N,Differential expression analysis,http://edamontology.org/operation_3223,N,Biological model ID,http://edamontology.org/data_1085,N,,,,,No,,
89,DriverMutation,BiologicalQuestion,Mutation,http://edamontology.org/topic_0199,Y,Imputation,http://edamontology.org/operation_3557,N,Biological model ID,http://edamontology.org/data_1085,N,PubMed citation,http://edamontology.org/format_1734,N,,No,,
90,FunctionalPrediction,BiologicalQuestion,Biological modelling,http://edamontology.org/topic_2259,N,Prediction,http://edamontology.org/operation_2423,N,Biological model ID,http://edamontology.org/data_1085,N,,,,,No,,
91,GeneFusionDetection,BiologicalQuestion,Biological modelling,http://edamontology.org/topic_2259,N,Detection,http://edamontology.org/operation_2423,N,Biological model ID,http://edamontology.org/data_1085,N,,,,,No,,
92,GenePrediction,BiologicalQuestion,Biological modelling,http://edamontology.org/topic_2259,N,Gene prediction,http://edamontology.org/operation_2454,Y,Biological model ID,http://edamontology.org/data_1085,N,,,,,No,,
93,GeneRegulation,BiologicalQuestion,Gene regulation,http://edamontology.org/topic_0204,Y,Genome visualisation,http://edamontology.org/operation_3208,N,Biological model ID,http://edamontology.org/data_1085,N,,,,,No,,
94,GeneSetEnrichment,BiologicalQuestion,Biological modelling,http://edamontology.org/topic_2259,N,Enrichment,http://edamontology.org/operation_3501,Y,Biological model ID,http://edamontology.org/data_1085,N,,,,,No,,
95,GeneSignaling,BiologicalQuestion,Gene finding,http://edamontology.org/topic_0109,N,Torsion angle calculation,http://edamontology.org/operation_0249,N,Biological model ID,http://edamontology.org/data_1085,N,,,,,No,,
96,GeneTarget,BiologicalQuestion,Biological modelling,http://edamontology.org/topic_2259,N,Generation,http://edamontology.org/operation_3429,N,Gene tree,http://edamontology.org/data_3271,N,genePred,http://edamontology.org/format_3011,N,,No,,
100,GenomeAnnotation,BiologicalQuestion,Genome annotation,http://edamontology.org/topic_0222,Y,Genome annotation,http://edamontology.org/operation_0362,Y,Fungi annotation,http://edamontology.org/data_2395,N,Experiment annotation format,http://edamontology.org/format_3167,N,,Yes,,
97,GenomeAssembly,BiologicalQuestion,Biological modelling,http://edamontology.org/topic_2259,N,Genome assembly,http://edamontology.org/operation_3440,Y,Biological model accession,http://edamontology.org/data_2891,N,,,,,Yes,,
98,GenomeWideAssociation,BiologicalQuestion,Genome-wide association study,http://edamontology.org/topic_3517,Y,Genome visualisation,http://edamontology.org/operation_3208,N,Genome-wide association study,http://edamontology.org/data_3231,Y,Biological model format,http://edamontology.org/format_2034,N,,No,,
99,GenomicVariation,BiologicalQuestion,Genetic variation,http://edamontology.org/topic_0199,Y,Genome visualization,http://edamontology.org/operation_3208,N,Biological model accession,http://edamontology.org/data_2891,N,,,,,No,,
101,GermlineMutation,BiologicalQuestion,Mutation,http://edamontology.org/topic_0199,N,Genome annotation,http://edamontology.org/operation_0362,N,Biological model ID,http://edamontology.org/data_1085,N,,,,,No,,
102,HistoneModification,BiologicalQuestion,Histone modification,http://edamontology.org/topic_3295,Y,Sequence classification,http://edamontology.org/operation_2995,N,Biological model ID,http://edamontology.org/data_1085,N,Biological model format,http://edamontology.org/format_2034,N,,No,,
103,IndelDetection,BiologicalQuestion,Biological modelling,http://edamontology.org/topic_2259,N,Indel detection,http://edamontology.org/operation_0452,Y,Biological model ID,http://edamontology.org/data_1085,N,,,,,Yes,,
63,LinkageDisequilibrium,BiologicalQuestion,Biological modelling,http://edamontology.org/topic_2259,N,Tau angle calculation,http://edamontology.org/operation_1828,N,Linkage disequilibrium (report),http://edamontology.org/data_1634,Y,,,,,No,,
64,MetagenomeAssembly,BiologicalQuestion,Sequence assembly,http://edamontology.org/topic_0196,N,Genome assembly,http://edamontology.org/operation_3440,N,Biological model ID,http://edamontology.org/data_1085,N,Biological model format,http://edamontology.org/format_2034,N,,No,,
65,MicrosatelliteDetection,BiologicalQuestion,Microsatellite annotation,http://edamontology.org/topic_2868,N,Frameshift detection,http://edamontology.org/operation_0265,N,Biological model ID,http://edamontology.org/data_1085,N,,,,,No,,
66,MotifAnnotation,BiologicalQuestion,Sequence annotation,http://edamontology.org/topic_0221,Y,Sequence annotation,http://edamontology.org/operation_0361,Y,Annotation,http://edamontology.org/data_2018,Y,Sequence variation annotation format,http://edamontology.org/format_2921,N,,No,,
67,MotifDiscovery,BiologicalQuestion,Biological modelling,http://edamontology.org/topic_2259,N,Motif discovery,http://edamontology.org/operation_0238,Y,Biological model ID,http://edamontology.org/data_1085,N,,,,,Yes,,
68,NetworkEnrichment,BiologicalQuestion,Biological modelling,http://edamontology.org/topic_2259,N,Enrichment,http://edamontology.org/operation_3501,Y,Biological model ID,http://edamontology.org/data_1085,N,,,,,No,,
69,NetworkInference,BiologicalQuestion,Biological modelling,http://edamontology.org/topic_2259,N,Network analysis,http://edamontology.org/operation_2497,N,Network,http://edamontology.org/data_2600,N,,,,,No,,
70,NucleosomePositioning,BiologicalQuestion,Biological chemistry,http://edamontology.org/topic_3292,N,Ontology visualisation,http://edamontology.org/operation_3559,N,Biological model ID,http://edamontology.org/data_1085,N,,,,,No,,
71,PeakDetection,BiologicalQuestion,Biological modelling,http://edamontology.org/topic_2259,N,Peak detection,http://edamontology.org/operation_3215,Y,Biological model ID,http://edamontology.org/data_1085,N,,,,,Yes,,
72,QuantitativeTrailLocus,BiologicalQuestion,Biological modelling,http://edamontology.org/topic_2259,N,Tau angle calculation,http://edamontology.org/operation_1828,N,Quantitative trait locus,http://edamontology.org/data_1906,Y,,,,,No,,
73,Scaffolding,BiologicalQuestion,Biological modelling,http://edamontology.org/topic_2259,N,Scaffolding,http://edamontology.org/operation_3216,Y,Biological model ID,http://edamontology.org/data_1085,N,,,,,Yes,,
74,SequenceMatching,BiologicalQuestion,Sequence motifs,http://edamontology.org/topic_0158,N,Sequence masking,http://edamontology.org/operation_0368,N,Sequence motif,http://edamontology.org/data_1353,N,Biological model format,http://edamontology.org/format_2034,N,,No,,
75,SomaticMutation,BiologicalQuestion,Mutation,http://edamontology.org/topic_0199,Y,Computation,http://edamontology.org/operation_2420,N,Biological model ID,http://edamontology.org/data_1085,N,PubMed citation,http://edamontology.org/format_1734,N,,No,,
76,SplicedAlignment,BiologicalQuestion,Alignment,http://edamontology.org/topic_0083,Y,Alignment,http://edamontology.org/operation_2928,Y,Alignment,http://edamontology.org/data_1916,Y,Biological model format,http://edamontology.org/format_2034,N,,No,,
77,StructuralVariation,BiologicalQuestion,Structural variation,http://edamontology.org/topic_3175,Y,Structure visualisation,http://edamontology.org/operation_0570,N,Structural data,http://edamontology.org/data_2053,N,,,,,No,,
78,TranscriptomeVariant,BiologicalQuestion,Transcriptome,http://edamontology.org/topic_3308,Y,Transcript copy number estimation,http://edamontology.org/operation_3233,N,Biological model ID,http://edamontology.org/data_1085,N,GCG format variant,http://edamontology.org/format_3486,N,,No,,
79,VariantAnnotation,BiologicalQuestion,RFLP annotation,http://edamontology.org/topic_2869,N,Annotation,http://edamontology.org/operation_0226,Y,Annotation,http://edamontology.org/data_2018,Y,,,,,No,,
80,VariantDetection,BiologicalQuestion,Biological modelling,http://edamontology.org/topic_2259,N,Detection,http://edamontology.org/operation_2423,Y,Biological model accession,http://edamontology.org/data_2891,N,,,,,No,,
415,BreastCancerData,CancerData,Cancer,http://edamontology.org/topic_2640,Y,,,,Core data,http://edamontology.org/data_3031,N,codata,http://edamontology.org/format_1925,N,,Yes,,
416,ColonCancerData,CancerData,Cancer,http://edamontology.org/topic_2640,Y,,,,Core data,http://edamontology.org/data_3031,N,codata,http://edamontology.org/format_1925,N,,Yes,,
417,KidneyCancerData,CancerData,Cancer,http://edamontology.org/topic_2640,Y,,,,Core data,http://edamontology.org/data_3031,N,codata,http://edamontology.org/format_1925,N,,Yes,,
418,LeukemiaCancerData,CancerData,Cancer,http://edamontology.org/topic_2640,Y,,,,Core data,http://edamontology.org/data_3031,N,codata,http://edamontology.org/format_1925,N,,Yes,,
419,LungCancerData,CancerData,Cancer,http://edamontology.org/topic_2640,Y,,,,Core data,http://edamontology.org/data_3031,N,codata,http://edamontology.org/format_1925,N,,Yes,,
420,OvarianCancerData,CancerData,Cancer,http://edamontology.org/topic_2640,Y,Variant pattern analysis,http://edamontology.org/operation_3504,N,Core data,http://edamontology.org/data_3031,N,codata,http://edamontology.org/format_1925,N,,Yes,,
421,ProstateCancerData,CancerData,Cancer,http://edamontology.org/topic_2640,Y,,,,Core data,http://edamontology.org/data_3031,N,codata,http://edamontology.org/format_1925,N,,Yes,,
215,AffymetrixChip,ChipManufacturer,,,,,,,,,,affymetrix,http://edamontology.org/format_1639,Y,"Ignore all annotations in BioConductor category ""ChipManufacturer"" for now",n/a,,
216,AgilentChip,ChipManufacturer,,,,,,,AGI identifier,http://edamontology.org/data_1895,N,,,,,n/a,,
217,ClonetechChip,ChipManufacturer,,,,,,,Clone ID,http://edamontology.org/data_1855,N,,,,,n/a,,
225,CodelinkChip,ChipManufacturer,ChIP-on-chip,http://edamontology.org/topic_3179,N,,,,,,,,,,,n/a,,
218,GEChip,ChipManufacturer,,,,,,,EC,http://edamontology.org/data_1011,N,CHP,http://edamontology.org/format_1644,N,,n/a,,
220,IlluminaChip,ChipManufacturer,Good manufacturing practice,http://edamontology.org/topic_3393,N,,,,,,,,,,,n/a,,
219,INDACChip,ChipManufacturer,,,,,,,,,,InChI,http://edamontology.org/format_1197,N,,n/a,,
221,QiagenChip,ChipManufacturer,ChIP-on-chip,http://edamontology.org/topic_3179,N,,,,,,,InChI,http://edamontology.org/format_1197,N,,n/a,,
222,RNG_MRCChip,ChipManufacturer,Good manufacturing practice,http://edamontology.org/topic_3393,N,,,,,,,,,,,n/a,,
223,RocheChip,ChipManufacturer,,,,,,,ChEBI,http://edamontology.org/data_1724,N,,,,,n/a,,
224,UniversityHealthNetwork,ChipManufacturer,,,,,,,Network,http://edamontology.org/data_2600,N,,,,,n/a,,
255,adme16cod,ChipName,ChIP-seq,http://edamontology.org/topic_3169,N,,,,Name,http://edamontology.org/data_2099,N,,,,"Ignore all annotations in BioConductor category ""ChipName"" for now",n/a,,
256,ag,ChipName,Ageing,http://edamontology.org/topic_3401,N,,,,Name,http://edamontology.org/data_2099,N,ig,http://edamontology.org/format_1942,N,,n/a,,
257,ath1121501,ChipName,ChIP-seq,http://edamontology.org/topic_3169,N,,,,Name,http://edamontology.org/data_2099,N,,,,,n/a,,
258,celegans,ChipName,ChIP-seq,http://edamontology.org/topic_3169,N,,,,Name,http://edamontology.org/data_2099,N,,,,,n/a,,
259,drosgenome1,ChipName,ChIP-seq,http://edamontology.org/topic_3169,N,,,,Name,http://edamontology.org/data_2099,N,,,,,n/a,,
260,drosophila2,ChipName,ChIP-seq,http://edamontology.org/topic_3169,N,,,,Name,http://edamontology.org/data_2099,N,,,,,n/a,,
261,h10kcod,ChipName,ChIP-seq,http://edamontology.org/topic_3169,N,,,,Name,http://edamontology.org/data_2099,N,,,,,n/a,,
262,h20kcod,ChipName,ChIP-seq,http://edamontology.org/topic_3169,N,,,,Name,http://edamontology.org/data_2099,N,,,,,n/a,,
263,hcg110,ChipName,ChIP-seq,http://edamontology.org/topic_3169,N,,,,Name,http://edamontology.org/data_2099,N,,,,,n/a,,
253,hcgi12k,ChipName,ChIP-seq,http://edamontology.org/topic_3169,N,,,,Name,http://edamontology.org/data_2099,N,,,,,n/a,,
254,hcgi8k,ChipName,ChIP-seq,http://edamontology.org/topic_3169,N,,,,Name,http://edamontology.org/data_2099,N,,,,,n/a,,
264,hgfocus,ChipName,ChIP-seq,http://edamontology.org/topic_3169,N,,,,Name,http://edamontology.org/data_2099,N,,,,,n/a,,
266,hgu133a,ChipName,ChIP-seq,http://edamontology.org/topic_3169,N,,,,,,,,,,,n/a,,
265,hgu133a2,ChipName,ChIP-seq,http://edamontology.org/topic_3169,N,,,,Name,http://edamontology.org/data_2099,N,,,,,n/a,,
267,hgu133b,ChipName,ChIP-seq,http://edamontology.org/topic_3169,N,,,,Name,http://edamontology.org/data_2099,N,,,,,n/a,,
268,hgu133plus2,ChipName,ChIP-seq,http://edamontology.org/topic_3169,N,,,,Name,http://edamontology.org/data_2099,N,,,,,n/a,,
269,hgu95a,ChipName,ChIP-seq,http://edamontology.org/topic_3169,N,,,,,,,,,,,n/a,,
270,hgu95av2,ChipName,ChIP-seq,http://edamontology.org/topic_3169,N,,,,Name,http://edamontology.org/data_2099,N,,,,,n/a,,
271,hgu95b,ChipName,ChIP-seq,http://edamontology.org/topic_3169,N,,,,Name,http://edamontology.org/data_2099,N,,,,,n/a,,
272,hgu95c,ChipName,ChIP-seq,http://edamontology.org/topic_3169,N,,,,Name,http://edamontology.org/data_2099,N,,,,,n/a,,
273,hgu95d,ChipName,ChIP-seq,http://edamontology.org/topic_3169,N,,,,Name,http://edamontology.org/data_2099,N,,,,,n/a,,
274,hgu95e,ChipName,ChIP-seq,http://edamontology.org/topic_3169,N,,,,Name,http://edamontology.org/data_2099,N,,,,,n/a,,
275,hguatlas13k,ChipName,ChIP-seq,http://edamontology.org/topic_3169,N,,,,Name,http://edamontology.org/data_2099,N,,,,,n/a,,
276,hgug4100a,ChipName,ChIP-seq,http://edamontology.org/topic_3169,N,,,,Name,http://edamontology.org/data_2099,N,,,,,n/a,,
277,hgug4101a,ChipName,ChIP-seq,http://edamontology.org/topic_3169,N,,,,Name,http://edamontology.org/data_2099,N,,,,,n/a,,
278,hgug4110b,ChipName,ChIP-seq,http://edamontology.org/topic_3169,N,,,,Name,http://edamontology.org/data_2099,N,,,,,n/a,,
279,hgug4111a,ChipName,ChIP-seq,http://edamontology.org/topic_3169,N,,,,Name,http://edamontology.org/data_2099,N,,,,,n/a,,
280,hgug4112a,ChipName,ChIP-seq,http://edamontology.org/topic_3169,N,,,,Name,http://edamontology.org/data_2099,N,,,,,n/a,,
281,hguqiagenv3,ChipName,ChIP-seq,http://edamontology.org/topic_3169,N,,,,Name,http://edamontology.org/data_2099,N,,,,,n/a,,
282,hi16cod,ChipName,ChIP-seq,http://edamontology.org/topic_3169,N,,,,Name,http://edamontology.org/data_2099,N,,,,,n/a,,
283,hs25kresogen,ChipName,ChIP-seq,http://edamontology.org/topic_3169,N,,,,Name,http://edamontology.org/data_2099,N,,,,,n/a,,
284,hu35ksuba,ChipName,ChIP-seq,http://edamontology.org/topic_3169,N,,,,Name,http://edamontology.org/data_2099,N,,,,,n/a,,
285,hu35ksubb,ChipName,ChIP-seq,http://edamontology.org/topic_3169,N,,,,Name,http://edamontology.org/data_2099,N,,,,,n/a,,
286,hu35ksubc,ChipName,ChIP-seq,http://edamontology.org/topic_3169,N,,,,Name,http://edamontology.org/data_2099,N,,,,,n/a,,
287,hu35ksubd,ChipName,ChIP-seq,http://edamontology.org/topic_3169,N,,,,Name,http://edamontology.org/data_2099,N,,,,,n/a,,
288,hu6800,ChipName,ChIP-seq,http://edamontology.org/topic_3169,N,,,,Name,http://edamontology.org/data_2099,N,,,,,n/a,,
289,HuO22,ChipName,ChIP-seq,http://edamontology.org/topic_3169,N,,,,Name,http://edamontology.org/data_2099,N,,,,,n/a,,
290,hwgcod,ChipName,ChIP-seq,http://edamontology.org/topic_3169,N,,,,Name,http://edamontology.org/data_2099,N,,,,,n/a,,
292,illuminaHumanv1,ChipName,ChIP-seq,http://edamontology.org/topic_3169,N,,,,Name,http://edamontology.org/data_2099,N,,,,,n/a,,
293,illuminaHumanv2,ChipName,ChIP-seq,http://edamontology.org/topic_3169,N,,,,Name,http://edamontology.org/data_2099,N,,,,,n/a,,
294,illuminaMousev1,ChipName,ChIP-seq,http://edamontology.org/topic_3169,N,,,,,,,,,,,n/a,,
295,illuminaMousev1p1,ChipName,ChIP-seq,http://edamontology.org/topic_3169,N,,,,Name,http://edamontology.org/data_2099,N,,,,,n/a,,
296,illuminaRatv1,ChipName,ChIP-seq,http://edamontology.org/topic_3169,N,,,,Name,http://edamontology.org/data_2099,N,,,,,n/a,,
291,indac,ChipName,ChIP-seq,http://edamontology.org/topic_3169,N,,,,Name,http://edamontology.org/data_2099,N,findkm,http://edamontology.org/format_1582,N,,n/a,,
297,JazaerimetaData,ChipName,ChIP-seq,http://edamontology.org/topic_3169,N,,,,Name,http://edamontology.org/data_2099,N,,,,,n/a,,
298,lumiHumanV1,ChipName,ChIP-seq,http://edamontology.org/topic_3169,N,,,,Name,http://edamontology.org/data_2099,N,,,,,n/a,,
300,lumiHumanV2,ChipName,ChIP-seq,http://edamontology.org/topic_3169,N,,,,Name,http://edamontology.org/data_2099,N,,,,,n/a,,
299,lumiMouseV1,ChipName,ChIP-seq,http://edamontology.org/topic_3169,N,,,,Name,http://edamontology.org/data_2099,N,,,,,n/a,,
301,lumiRatV1,ChipName,ChIP-seq,http://edamontology.org/topic_3169,N,,,,Name,http://edamontology.org/data_2099,N,,,,,n/a,,
302,m10kcod,ChipName,ChIP-seq,http://edamontology.org/topic_3169,N,,,,Name,http://edamontology.org/data_2099,N,,,,,n/a,,
303,m20kcod,ChipName,ChIP-seq,http://edamontology.org/topic_3169,N,,,,Name,http://edamontology.org/data_2099,N,,,,,n/a,,
306,mgu74a,ChipName,ChIP-seq,http://edamontology.org/topic_3169,N,,,,,,,,,,,n/a,,
307,mgu74av2,ChipName,ChIP-seq,http://edamontology.org/topic_3169,N,,,,Name,http://edamontology.org/data_2099,N,,,,,n/a,,
308,mgu74b,ChipName,ChIP-seq,http://edamontology.org/topic_3169,N,,,,,,,,,,,n/a,,
309,mgu74bv2,ChipName,ChIP-seq,http://edamontology.org/topic_3169,N,,,,Name,http://edamontology.org/data_2099,N,,,,,n/a,,
310,mgu74c,ChipName,ChIP-seq,http://edamontology.org/topic_3169,N,,,,,,,,,,,n/a,,
311,mgu74cv2,ChipName,ChIP-seq,http://edamontology.org/topic_3169,N,,,,Name,http://edamontology.org/data_2099,N,,,,,n/a,,
312,mguatlas5k,ChipName,ChIP-seq,http://edamontology.org/topic_3169,N,,,,Name,http://edamontology.org/data_2099,N,,,,,n/a,,
313,mgug4121a,ChipName,ChIP-seq,http://edamontology.org/topic_3169,N,,,,Name,http://edamontology.org/data_2099,N,,,,,n/a,,
314,mgug4122a,ChipName,ChIP-seq,http://edamontology.org/topic_3169,N,,,,Name,http://edamontology.org/data_2099,N,,,,,n/a,,
304,mi16cod,ChipName,ChIP-seq,http://edamontology.org/topic_3169,N,,,,Name,http://edamontology.org/data_2099,N,,,,,n/a,,
305,mm24kresogen,ChipName,ChIP-seq,http://edamontology.org/topic_3169,N,,,,Name,http://edamontology.org/data_2099,N,,,,,n/a,,
315,moe430a,ChipName,ChIP-seq,http://edamontology.org/topic_3169,N,,,,Name,http://edamontology.org/data_2099,N,,,,,n/a,,
316,moe430b,ChipName,ChIP-seq,http://edamontology.org/topic_3169,N,,,,Name,http://edamontology.org/data_2099,N,,,,,n/a,,
317,mouse4302,ChipName,ChIP-seq,http://edamontology.org/topic_3169,N,,,,Name,http://edamontology.org/data_2099,N,,,,,n/a,,
318,mouse430a2,ChipName,ChIP-seq,http://edamontology.org/topic_3169,N,,,,Name,http://edamontology.org/data_2099,N,,,,,n/a,,
319,mpedbarray,ChipName,ChIP-seq,http://edamontology.org/topic_3169,N,,,,Name,http://edamontology.org/data_2099,N,,,,,n/a,,
320,mu11ksuba,ChipName,ChIP-seq,http://edamontology.org/topic_3169,N,,,,Name,http://edamontology.org/data_2099,N,,,,,n/a,,
321,mu11ksubb,ChipName,ChIP-seq,http://edamontology.org/topic_3169,N,,,,Name,http://edamontology.org/data_2099,N,,,,,n/a,,
325,Mu15v1,ChipName,ChIP-seq,http://edamontology.org/topic_3169,N,,,,Name,http://edamontology.org/data_2099,N,,,,,n/a,,
322,mu19ksuba,ChipName,ChIP-seq,http://edamontology.org/topic_3169,N,,,,Name,http://edamontology.org/data_2099,N,,,,,n/a,,
323,mu19ksubb,ChipName,ChIP-seq,http://edamontology.org/topic_3169,N,,,,Name,http://edamontology.org/data_2099,N,,,,,n/a,,
324,mu19ksubc,ChipName,ChIP-seq,http://edamontology.org/topic_3169,N,,,,Name,http://edamontology.org/data_2099,N,,,,,n/a,,
326,Mu22v3,ChipName,ChIP-seq,http://edamontology.org/topic_3169,N,,,,Name,http://edamontology.org/data_2099,N,,,,,n/a,,
327,mwgcod,ChipName,ChIP-seq,http://edamontology.org/topic_3169,N,,,,Name,http://edamontology.org/data_2099,N,,,,,n/a,,
328,Norway981,ChipName,ChIP-seq,http://edamontology.org/topic_3169,N,,,,Name,http://edamontology.org/data_2099,N,,,,,n/a,,
230,OperonHumanV3,ChipName,ChIP-seq,http://edamontology.org/topic_3169,N,Operon drawing,http://edamontology.org/operation_0579,N,Name,http://edamontology.org/data_2099,N,,,,,n/a,,
233,PartheenMetaData,ChipName,ChIP-seq,http://edamontology.org/topic_3169,N,,,,Name,http://edamontology.org/data_2099,N,,,,,n/a,,
232,pedbarrayv10,ChipName,ChIP-seq,http://edamontology.org/topic_3169,N,,,,Name,http://edamontology.org/data_2099,N,,,,,n/a,,
231,pedbarrayv9,ChipName,ChIP-seq,http://edamontology.org/topic_3169,N,,,,Name,http://edamontology.org/data_2099,N,,,,,n/a,,
234,r10kcod,ChipName,ChIP-seq,http://edamontology.org/topic_3169,N,,,,Name,http://edamontology.org/data_2099,N,,,,,n/a,,
235,rae230a,ChipName,ChIP-seq,http://edamontology.org/topic_3169,N,,,,Name,http://edamontology.org/data_2099,N,,,,,n/a,,
236,rae230b,ChipName,ChIP-seq,http://edamontology.org/topic_3169,N,,,,Name,http://edamontology.org/data_2099,N,,,,,n/a,,
237,rat2302,ChipName,ChIP-seq,http://edamontology.org/topic_3169,N,,,,Name,http://edamontology.org/data_2099,N,,,,,n/a,,
238,rgu34a,ChipName,ChIP-seq,http://edamontology.org/topic_3169,N,,,,Name,http://edamontology.org/data_2099,N,,,,,n/a,,
239,rgu34b,ChipName,ChIP-seq,http://edamontology.org/topic_3169,N,,,,Name,http://edamontology.org/data_2099,N,rgb,http://edamontology.org/format_3600,N,,n/a,,
240,rgu34c,ChipName,ChIP-seq,http://edamontology.org/topic_3169,N,,,,Name,http://edamontology.org/data_2099,N,,,,,n/a,,
241,rgug4130a,ChipName,ChIP-seq,http://edamontology.org/topic_3169,N,,,,Name,http://edamontology.org/data_2099,N,,,,,n/a,,
242,ri16cod,ChipName,ChIP-seq,http://edamontology.org/topic_3169,N,,,,Name,http://edamontology.org/data_2099,N,,,,,n/a,,
243,rnu34,ChipName,ChIP-seq,http://edamontology.org/topic_3169,N,,,,Name,http://edamontology.org/data_2099,N,,,,,n/a,,
244,Roberts2005Annotation,ChipName,Sequence annotation,http://edamontology.org/topic_0221,N,Annotation,http://edamontology.org/operation_0226,N,Name,http://edamontology.org/data_2099,N,,,,,n/a,,
245,rtu34,ChipName,ChIP-seq,http://edamontology.org/topic_3169,N,,,,Name,http://edamontology.org/data_2099,N,,,,,n/a,,
246,rwgcod,ChipName,ChIP-seq,http://edamontology.org/topic_3169,N,,,,Name,http://edamontology.org/data_2099,N,,,,,n/a,,
247,SHDZ,ChipName,ChIP-seq,http://edamontology.org/topic_3169,N,,,,Name,http://edamontology.org/data_2099,N,PHD,http://edamontology.org/format_1633,N,,n/a,,
248,u133x3p,ChipName,ChIP-seq,http://edamontology.org/topic_3169,N,,,,Name,http://edamontology.org/data_2099,N,,,,,n/a,,
249,xenopuslaevis,ChipName,ChIP-seq,http://edamontology.org/topic_3169,N,,,,Name,http://edamontology.org/data_2099,N,,,,,n/a,,
250,yeast2,ChipName,Yeast,http://edamontology.org/topic_2817,Y,,,,Codon name,http://edamontology.org/data_1024,N,rast,http://edamontology.org/format_3605,N,,n/a,,
251,ygs98,ChipName,ChIP-seq,http://edamontology.org/topic_3169,N,,,,Name,http://edamontology.org/data_2099,N,,,,,n/a,,
252,zebrafish,ChipName,ChIP-seq,http://edamontology.org/topic_3169,N,,,,Name,http://edamontology.org/data_2099,N,,,,,n/a,,
226,GACustomCDF,CustomCDF,,,,,,,,,,customtrack,http://edamontology.org/format_3588,N,,No,,
227,MBNICustomCDF,CustomCDF,,,,,,,,,,customtrack,http://edamontology.org/format_3588,N,,No,,
228,GeneCardsCustomSchema,CustomDBSchema,,,,,,,Schema,http://edamontology.org/data_2248,N,customtrack,http://edamontology.org/format_3588,N,,No,,
392,CancerData,DiseaseModel,Cancer,http://edamontology.org/topic_2640,Y,Primer removal,http://edamontology.org/operation_3237,N,Core data,http://edamontology.org/data_3031,N,Data model,http://edamontology.org/format_1915,N,"""Disease Model"" tags would map to EDAM Topic",Yes,,
394,COPDData,DiseaseModel,Disease (specific),http://edamontology.org/topic_2847,N,Primer removal,http://edamontology.org/operation_3237,N,Data,http://edamontology.org/data_0006,N,codata,http://edamontology.org/format_1925,N,,No,,
393,HIVData,DiseaseModel,Disease (specific),http://edamontology.org/topic_2847,N,Primer removal,http://edamontology.org/operation_3237,N,Data,http://edamontology.org/data_0006,Y,Data model,http://edamontology.org/format_1915,N,,No,,
24,AssayDomainData,ExperimentData,PCR experiment,http://edamontology.org/topic_3519,N,,,,Experimental data,http://edamontology.org/data_2028,Y,Experiment annotation format,http://edamontology.org/format_3167,N,,No,,
22,DiseaseModel,ExperimentData,PCR experiment,http://edamontology.org/topic_3519,N,,,,Experimental data,http://edamontology.org/data_2028,N,Experiment annotation format,http://edamontology.org/format_3167,N,,No,,
21,OrganismData,ExperimentData,PCR experiment,http://edamontology.org/topic_3519,N,,,,Experimental data,http://edamontology.org/data_2028,Y,Experiment annotation format,http://edamontology.org/format_3167,N,,No,,
25,RepositoryData,ExperimentData,PCR experiment,http://edamontology.org/topic_3519,N,,,,Experimental data,http://edamontology.org/data_2028,Y,Experiment annotation format,http://edamontology.org/format_3167,N,,No,,
20,SpecimenSource,ExperimentData,PCR experiment,http://edamontology.org/topic_3519,N,,,,Experimental data,http://edamontology.org/data_2028,N,Experiment annotation format,http://edamontology.org/format_3167,N,,No,,
23,TechnologyData,ExperimentData,Biotechnology,http://edamontology.org/topic_3297,N,,,,Experimental data,http://edamontology.org/data_2028,N,Experiment annotation format,http://edamontology.org/format_3167,N,,No,,
134,DataImport,Infrastructure,RNA structure,http://edamontology.org/topic_0097,N,Data deposition,http://edamontology.org/operation_3431,N,Structure,http://edamontology.org/data_0883,N,Matrix format,http://edamontology.org/format_3033,N,,No,,
135,DataRepresentation,Infrastructure,RNA structure,http://edamontology.org/topic_0097,N,Data deposition,http://edamontology.org/operation_3431,N,Structure,http://edamontology.org/data_0883,N,,,,,No,,
136,GUI,Infrastructure,RNA structure,http://edamontology.org/topic_0097,N,Protein secondary structure,http://edamontology.org/operation_2488,N,Structure,http://edamontology.org/data_0883,N,,,,,No,,
133,ThirdPartyClient,Infrastructure,RNA structure,http://edamontology.org/topic_0097,N,Protein secondary structure,http://edamontology.org/operation_2488,N,Structure,http://edamontology.org/data_0883,N,,,,,No,,
164,ImagingMassSpectrometry,MassSpectrometry,Mass spectrometry,http://edamontology.org/topic_0134,Y,Mass spectrum analysis,http://edamontology.org/operation_3214,N,,,,FSSP entry format,http://edamontology.org/format_1581,N,,No,,
422,ImagingMassSpectrometryData,MassSpectrometryData,,,,Mass spectrum analysis,http://edamontology.org/operation_3214,N,Mass spectrometry data,http://edamontology.org/data_2536,Y,FSSP entry format,http://edamontology.org/format_1581,N,,No,,
160,ChipOnChip,Microarray,Microarrays,http://edamontology.org/topic_0200,N,,,,,,,Microarray experiment data format,http://edamontology.org/format_2056,N,"Mapped concept for ""Microarray"" category is deprecated: use mapping in Cols. R & S",Yes,Microarray experiment,http://edamontology.org/topic_3518
157,GenotypingArray,Microarray,Microarrays,http://edamontology.org/topic_0200,N,,,,,,,Microarray experiment data format,http://edamontology.org/format_2056,N,,Yes,Microarray experiment,http://edamontology.org/topic_3518
156,MethylationArray,Microarray,Microarrays,http://edamontology.org/topic_0200,N,,,,,,,Microarray experiment data format,http://edamontology.org/format_2056,N,,Yes,Microarray experiment,http://edamontology.org/topic_3518
158,MicroRNAArray,Microarray,Microarrays,http://edamontology.org/topic_0200,N,,,,,,,Microarray experiment data format,http://edamontology.org/format_2056,N,,Yes,Microarray experiment,http://edamontology.org/topic_3518
159,mRNAMicroarray,Microarray,Microarrays,http://edamontology.org/topic_0200,N,Microarray view rendering,http://edamontology.org/operation_2936,N,Microarray metadata,http://edamontology.org/data_3115,Y,Microarray experiment data format,http://edamontology.org/format_2056,N,,Yes,Microarray experiment,http://edamontology.org/topic_3518
153,MultiChannel,Microarray,Microarrays,http://edamontology.org/topic_0200,N,,,,,,,Microarray experiment data format,http://edamontology.org/format_2056,N,,Yes,Microarray experiment,http://edamontology.org/topic_3518
154,OneChannel,Microarray,Microarrays,http://edamontology.org/topic_0200,N,,,,,,,Microarray experiment data format,http://edamontology.org/format_2056,N,,Yes,Microarray experiment,http://edamontology.org/topic_3518
163,ProprietaryPlatforms,Microarray,Microarrays,http://edamontology.org/topic_0200,N,,,,,,,,,,,Yes,Microarray experiment,http://edamontology.org/topic_3518
161,ReversePhaseProteinArray,Microarray,Microarrays,http://edamontology.org/topic_0200,N,,,,,,,Microarray experiment data format,http://edamontology.org/format_2056,N,,Yes,Microarray experiment,http://edamontology.org/topic_3518
162,TissueMicroarray,Microarray,Microarrays,http://edamontology.org/topic_0200,N,,,,,,,Microarray experiment data format,http://edamontology.org/format_2056,N,,Yes,Microarray experiment,http://edamontology.org/topic_3518
155,TwoChannel,Microarray,Microarrays,http://edamontology.org/topic_0200,N,,,,,,,Microarray experiment data format,http://edamontology.org/format_2056,N,,Yes,Microarray experiment,http://edamontology.org/topic_3518
440,ChipOnChipData,MicroarrayData,Mice or rats,http://edamontology.org/topic_0213,Y,Microarray data processing,http://edamontology.org/operation_2432,N,Microarray data,http://edamontology.org/data_2603,N,,,,"Category ""Microarray Data"" define the EDAM Topic.  Synyonym added to Topic concepts in EDAM_1.12 to support these mappings",Yes,,
437,GenotypingArrayData,MicroarrayData,Microarray experiment,http://edamontology.org/topic_3518,Y,Microarray data processing,http://edamontology.org/operation_2432,N,Microarray data,http://edamontology.org/data_2603,N,,,,,Yes,,
436,MethylationArrayData,MicroarrayData,Microarray experiment,http://edamontology.org/topic_3518,Y,Microarray data processing,http://edamontology.org/operation_2432,N,Microarray data,http://edamontology.org/data_2603,N,,,,,Yes,,
438,MicroRNAArrayData,MicroarrayData,Microarray experiment,http://edamontology.org/topic_3518,Y,Microarray data processing,http://edamontology.org/operation_2432,Y,Microarray data,http://edamontology.org/data_2603,Y,,,,,Yes,,
439,mRNAArrayData,MicroarrayData,Microarray experiment,http://edamontology.org/topic_3518,Y,Microarray data processing,http://edamontology.org/operation_2432,Y,Microarray data,http://edamontology.org/data_2603,Y,Microarray experiment data format,http://edamontology.org/format_2056,N,,Yes,,
433,MultiChannelData,MicroarrayData,Microarray experiment,http://edamontology.org/topic_3518,Y,Microarray data processing,http://edamontology.org/operation_2432,Y,Microarray data,http://edamontology.org/data_2603,Y,,,,,Yes,,
434,OneChannelData,MicroarrayData,Microarray experiment,http://edamontology.org/topic_3518,Y,Microarray data processing,http://edamontology.org/operation_2432,Y,Microarray data,http://edamontology.org/data_2603,Y,,,,,Yes,,
443,ProprietaryPlatformsData,MicroarrayData,Microarray experiment,http://edamontology.org/topic_3518,Y,Microarray data processing,http://edamontology.org/operation_2432,N,Microarray data,http://edamontology.org/data_2603,N,Protein report format,http://edamontology.org/format_2062,N,,Yes,,
441,ReversePhaseProteinArrayData,MicroarrayData,Microarray experiment,http://edamontology.org/topic_3518,Y,Microarray data processing,http://edamontology.org/operation_2432,N,Microarray data,http://edamontology.org/data_2603,N,,,,,Yes,,
442,TissueMicroarrayData,MicroarrayData,Microarray experiment,http://edamontology.org/topic_3518,Y,Microarray data processing,http://edamontology.org/operation_2432,Y,Microarray data,http://edamontology.org/data_2603,Y,,,,,Yes,,
435,TwoChannelData,MicroarrayData,Microarray experiment,http://edamontology.org/topic_3518,Y,Microarray data processing,http://edamontology.org/operation_2432,Y,Microarray data,http://edamontology.org/data_2603,Y,,,,,Yes,,
173,Anopheles_gambiae,Organism,Organisms,http://edamontology.org/topic_0621,Y,,,,,,,,,,"Ignore all annotations in BioConductor category ""Organism"" (we can map later once we get a specific ELIXIR field for it)",Yes,,
174,Apis_mellifera,Organism,Organisms,http://edamontology.org/topic_0621,Y,,,,,,,,,,,Yes,,
175,Arabidopsis_lyrata,Organism,Organisms,http://edamontology.org/topic_0621,Y,,,,,,,,,,,Yes,,
176,Arabidopsis_thaliana,Organism,Organisms,http://edamontology.org/topic_0621,Y,,,,,,,,,,,Yes,,
177,Bacillus_subtilis,Organism,Organisms,http://edamontology.org/topic_0621,Y,,,,,,,,,,,Yes,,
178,Bos_taurus,Organism,Organisms,http://edamontology.org/topic_0621,Y,,,,,,,,,,,Yes,,
179,Caenorhabditis_elegans,Organism,Organisms,http://edamontology.org/topic_0621,Y,,,,,,,,,,,Yes,,
180,Canis_familiaris,Organism,Organisms,http://edamontology.org/topic_0621,Y,,,,,,,,,,,Yes,,
181,Ciona_intestinalis,Organism,Organisms,http://edamontology.org/topic_0621,Y,,,,,,,,,,,Yes,,
182,Danio_rerio,Organism,Organisms,http://edamontology.org/topic_0621,Y,,,,,,,,,,,Yes,,
183,Drosophila_melanogaster,Organism,Organisms,http://edamontology.org/topic_0621,Y,,,,,,,,,,,Yes,,
184,Eremothecium_gossypii,Organism,Organisms,http://edamontology.org/topic_0621,Y,,,,,,,,,,,Yes,,
185,Escherichia_coli,Organism,Organisms,http://edamontology.org/topic_0621,Y,,,,,,,,,,,Yes,,
186,Gallus_gallus,Organism,Organisms,http://edamontology.org/topic_0621,Y,,,,,,,,,,,Yes,,
187,Gasterosteus_aculeatus,Organism,Organisms,http://edamontology.org/topic_0621,Y,,,,,,,,,,,Yes,,
188,Glycine_max,Organism,Organisms,http://edamontology.org/topic_0621,Y,,,,,,,,,,,Yes,,
189,Homo_sapiens,Organism,Organisms,http://edamontology.org/topic_0621,Y,,,,,,,,,,,Yes,,
190,Hordeum_vulgare,Organism,Organisms,http://edamontology.org/topic_0621,Y,,,,,,,,,,,Yes,,
191,Kluyveromyces_lactis,Organism,Organisms,http://edamontology.org/topic_0621,Y,,,,,,,,,,,Yes,,
192,Macaca_fascicularis,Organism,Organisms,http://edamontology.org/topic_0621,Y,,,,iHOP organism ID,http://edamontology.org/data_1873,N,,,,,Yes,,
193,Macaca_mulatta,Organism,Organisms,http://edamontology.org/topic_0621,Y,,,,,,,,,,,Yes,,
194,Magnaporthe_grisea,Organism,Organisms,http://edamontology.org/topic_0621,Y,,,,,,,,,,,Yes,,
195,Medicago_truncatula,Organism,Organisms,http://edamontology.org/topic_0621,Y,,,,iHOP organism ID,http://edamontology.org/data_1873,N,,,,,Yes,,
196,Mus_musculus,Organism,Organisms,http://edamontology.org/topic_0621,Y,,,,,,,,,,,Yes,,
197,Neurospora_crassa,Organism,Organisms,http://edamontology.org/topic_0621,Y,,,,,,,,,,,Yes,,
198,Oncorhynchus_mykiss,Organism,Organisms,http://edamontology.org/topic_0621,Y,,,,,,,,,,,Yes,,
199,Oryza_sativa,Organism,Organisms,http://edamontology.org/topic_0621,Y,,,,,,,,,,,Yes,,
200,Pan_troglodytes,Organism,Organisms,http://edamontology.org/topic_0621,Y,,,,,,,,,,,Yes,,
201,Plasmodium_falciparum,Organism,Organisms,http://edamontology.org/topic_0621,Y,,,,,,,,,,,Yes,,
202,Pseudomonas_aeruginosa,Organism,Organisms,http://edamontology.org/topic_0621,Y,,,,,,,,,,,Yes,,
203,Rattus_norvegicus,Organism,Organisms,http://edamontology.org/topic_0621,Y,,,,,,,,,,,Yes,,
204,Saccharomyces_cerevisiae,Organism,Organisms,http://edamontology.org/topic_0621,Y,,,,,,,,,,,Yes,,
205,Saccharum_officinarum,Organism,Organisms,http://edamontology.org/topic_0621,Y,,,,,,,,,,,Yes,,
206,Schizosaccharomyces_pombe,Organism,Organisms,http://edamontology.org/topic_0621,Y,,,,,,,,,,,Yes,,
207,Staphylococcus_aureus,Organism,Organisms,http://edamontology.org/topic_0621,Y,,,,,,,,,,,Yes,,
208,Sus_scrofa,Organism,Organisms,http://edamontology.org/topic_0621,Y,,,,,,,,,,,Yes,,
209,Taeniopygia_guttata,Organism,Organisms,http://edamontology.org/topic_0621,Y,,,,,,,,,,,Yes,,
210,Triticum_aestivum,Organism,Organisms,http://edamontology.org/topic_0621,Y,,,,,,,,,,,Yes,,
211,Vitis_vinifera,Organism,Organisms,http://edamontology.org/topic_0621,Y,,,,,,,,,,,Yes,,
212,Xenopus_laevis,Organism,Organisms,http://edamontology.org/topic_0621,Y,,,,,,,,,,,Yes,,
213,Xenopus_tropicalis,Organism,Organisms,http://edamontology.org/topic_0621,Y,,,,,,,,,,,Yes,,
214,Zea_mays,Organism,Organisms,http://edamontology.org/topic_0621,N,,,,,,,,,,,Yes,,
351,Anopheles_gambiae_Data,OrganismData,Organic chemistry,http://edamontology.org/topic_3314,N,,,,Organism name,http://edamontology.org/data_2909,N,,,,,Yes,,
352,Apis_mellifera_Data,OrganismData,Organic chemistry,http://edamontology.org/topic_3314,N,,,,Organism name,http://edamontology.org/data_2909,N,,,,,Yes,,
353,Arabidopsis_lyrata_Data,OrganismData,Organic chemistry,http://edamontology.org/topic_3314,N,,,,Organism name,http://edamontology.org/data_2909,N,,,,,Yes,,
354,Arabidopsis_thaliana_Data,OrganismData,Organic chemistry,http://edamontology.org/topic_3314,N,,,,Organism name,http://edamontology.org/data_2909,N,,,,,Yes,,
355,Bacillus_subtilis_Data,OrganismData,Organic chemistry,http://edamontology.org/topic_3314,N,,,,Organism name,http://edamontology.org/data_2909,N,,,,,Yes,,
356,Bos_taurus_Data,OrganismData,Organic chemistry,http://edamontology.org/topic_3314,N,,,,Organism name,http://edamontology.org/data_2909,N,,,,,Yes,,
357,Caenorhabditis_elegans_Data,OrganismData,Organic chemistry,http://edamontology.org/topic_3314,N,,,,Organism name,http://edamontology.org/data_2909,N,,,,,Yes,,
358,Canis_familiaris_Data,OrganismData,Organic chemistry,http://edamontology.org/topic_3314,N,,,,Organism name,http://edamontology.org/data_2909,N,,,,,Yes,,
359,Ciona_intestinalis_Data,OrganismData,Organic chemistry,http://edamontology.org/topic_3314,N,,,,Organism name,http://edamontology.org/data_2909,N,,,,,Yes,,
360,Danio_rerio_Data,OrganismData,Organic chemistry,http://edamontology.org/topic_3314,N,,,,Organism name,http://edamontology.org/data_2909,N,,,,,Yes,,
361,Drosophila_melanogaster_Data,OrganismData,Organic chemistry,http://edamontology.org/topic_3314,N,,,,Organism name,http://edamontology.org/data_2909,N,,,,,Yes,,
362,Eremothecium_gossypii_Data,OrganismData,Organic chemistry,http://edamontology.org/topic_3314,N,,,,Organism name,http://edamontology.org/data_2909,N,,,,,Yes,,
363,Escherichia_coli_Data,OrganismData,Organic chemistry,http://edamontology.org/topic_3314,N,,,,Organism name,http://edamontology.org/data_2909,N,,,,,Yes,,
364,Gallus_gallus_Data,OrganismData,Organic chemistry,http://edamontology.org/topic_3314,N,,,,Organism name,http://edamontology.org/data_2909,N,,,,,Yes,,
365,Gasterosteus_aculeatus_Data,OrganismData,Organic chemistry,http://edamontology.org/topic_3314,N,,,,Organism name,http://edamontology.org/data_2909,N,,,,,Yes,,
366,Glycine_max_Data,OrganismData,Organic chemistry,http://edamontology.org/topic_3314,N,,,,Organism name,http://edamontology.org/data_2909,N,,,,,Yes,,
367,Homo_sapiens_Data,OrganismData,Organic chemistry,http://edamontology.org/topic_3314,N,,,,Organism name,http://edamontology.org/data_2909,N,,,,,Yes,,
368,Hordeum_vulgare_Data,OrganismData,Organic chemistry,http://edamontology.org/topic_3314,N,,,,Organism name,http://edamontology.org/data_2909,N,,,,,Yes,,
369,Kluyveromyces_lactis_Data,OrganismData,Organic chemistry,http://edamontology.org/topic_3314,N,,,,Organism name,http://edamontology.org/data_2909,N,,,,,Yes,,
370,Macaca_mulatta_Data,OrganismData,Organic chemistry,http://edamontology.org/topic_3314,N,,,,Organism name,http://edamontology.org/data_2909,N,,,,,Yes,,
371,Magnaporthe_grisea_Data,OrganismData,Organic chemistry,http://edamontology.org/topic_3314,N,,,,Organism name,http://edamontology.org/data_2909,N,,,,,Yes,,
372,Medicago_truncatul_Dataa,OrganismData,Organic chemistry,http://edamontology.org/topic_3314,N,,,,Organism name,http://edamontology.org/data_2909,N,,,,,Yes,,
373,Mus_musculus_Data,OrganismData,Organic chemistry,http://edamontology.org/topic_3314,N,,,,Organism name,http://edamontology.org/data_2909,N,,,,,Yes,,
374,Neurospora_crassa_Data,OrganismData,Organic chemistry,http://edamontology.org/topic_3314,N,,,,Organism name,http://edamontology.org/data_2909,N,,,,,Yes,,
375,Oncorhynchus_mykiss_Data,OrganismData,Organic chemistry,http://edamontology.org/topic_3314,N,,,,Organism name,http://edamontology.org/data_2909,N,,,,,Yes,,
376,Oryza_sativa_Data,OrganismData,Organic chemistry,http://edamontology.org/topic_3314,N,,,,Organism name,http://edamontology.org/data_2909,N,,,,,Yes,,
377,Pan_troglodytes_Data,OrganismData,Organic chemistry,http://edamontology.org/topic_3314,N,,,,Organism name,http://edamontology.org/data_2909,N,,,,,Yes,,
378,Plasmodium_falciparum_Data,OrganismData,Organic chemistry,http://edamontology.org/topic_3314,N,,,,Organism name,http://edamontology.org/data_2909,N,,,,,Yes,,
379,Pseudomonas_aeruginosa_Data,OrganismData,Organic chemistry,http://edamontology.org/topic_3314,N,,,,Organism name,http://edamontology.org/data_2909,N,,,,,Yes,,
380,Rattus_norvegicus_Data,OrganismData,Organic chemistry,http://edamontology.org/topic_3314,N,,,,Organism name,http://edamontology.org/data_2909,N,,,,,Yes,,
381,Saccharomyces_cerevisiae_Data,OrganismData,Organic chemistry,http://edamontology.org/topic_3314,N,,,,Organism name,http://edamontology.org/data_2909,N,,,,,Yes,,
382,Saccharum_officinarum_Data,OrganismData,Organic chemistry,http://edamontology.org/topic_3314,N,,,,Organism name,http://edamontology.org/data_2909,N,,,,,Yes,,
383,Schizosaccharomyces_pombe_Data,OrganismData,Organic chemistry,http://edamontology.org/topic_3314,N,,,,Organism name,http://edamontology.org/data_2909,N,,,,,Yes,,
384,Staphylococcus_aureus_Data,OrganismData,Organic chemistry,http://edamontology.org/topic_3314,N,,,,Organism name,http://edamontology.org/data_2909,N,,,,,Yes,,
385,Sus_scrofa_Data,OrganismData,Organic chemistry,http://edamontology.org/topic_3314,N,,,,Organism name,http://edamontology.org/data_2909,N,,,,,Yes,,
386,Taeniopygia_guttata_Data,OrganismData,Organic chemistry,http://edamontology.org/topic_3314,N,,,,Organism name,http://edamontology.org/data_2909,N,,,,,Yes,,
387,Triticum_aestivum_Data,OrganismData,Organic chemistry,http://edamontology.org/topic_3314,N,,,,Organism name,http://edamontology.org/data_2909,N,,,,,Yes,,
388,Vitis_vinifera_Data,OrganismData,Organic chemistry,http://edamontology.org/topic_3314,N,,,,Organism name,http://edamontology.org/data_2909,N,,,,,Yes,,
389,Xenopus_laevis_Data,OrganismData,Organic chemistry,http://edamontology.org/topic_3314,N,,,,Organism name,http://edamontology.org/data_2909,N,,,,,Yes,,
390,Xenopus_tropicalis_Data,OrganismData,Organic chemistry,http://edamontology.org/topic_3314,N,,,,Organism name,http://edamontology.org/data_2909,N,,,,,Yes,,
391,Zea_mays_Data,OrganismData,Organic chemistry,http://edamontology.org/topic_3314,N,,,,Organism name,http://edamontology.org/data_2909,N,,,,,Yes,,
329,BSgenome,PackageType,Epigenomics,http://edamontology.org/topic_3173,N,,,,Type,http://edamontology.org/data_2100,N,,,,"Define hard-coded mappings to EDAM Topic for each BioConductor ""Package Type""",Yes,Genomics,http://edamontology.org/topic_0622
330,cdf,PackageType,,,,,,,Cancer type,http://edamontology.org/data_2592,N,PDF,http://edamontology.org/format_3508,N,,Yes,Microarray experiment,http://edamontology.org/topic_3518
331,ChipDb,PackageType,ChIP-seq,http://edamontology.org/topic_3169,N,,,,ChEBI IDs,http://edamontology.org/data_1174,N,PDB,http://edamontology.org/format_1476,N,,Yes,Microarray experiment,http://edamontology.org/topic_3518
332,db0,PackageType,,,,,,,Type,http://edamontology.org/data_2100,N,,,,,Yes,"Data deposition, annotation and curation",http://edamontology.org/topic_0219
343,FRMA,PackageType,rRNA,http://edamontology.org/topic_0660,N,,,,FMA,http://edamontology.org/data_1722,N,,,,,Yes,Microarray experiment,http://edamontology.org/topic_3518
333,InparanoidDb,PackageType,,,,,,,Type,http://edamontology.org/data_2100,N,,,,,Yes,Sequence comparison,http://edamontology.org/topic_0159
342,MeSHDb,PackageType,,,,,,,MeSH,http://edamontology.org/data_1717,Y,,,,,Yes,Data identity and mapping,http://edamontology.org/topic_3345
334,OrganismDb,PackageType,Organisms,http://edamontology.org/topic_0621,N,,,,Organism report,http://edamontology.org/data_2530,N,,,,,Yes,"Data deposition, annotation and curation",http://edamontology.org/topic_0219
335,OrgDb,PackageType,,,,,,,Cancer type,http://edamontology.org/data_2592,N,rgb,http://edamontology.org/format_3600,N,,Yes,"Data deposition, annotation and curation",http://edamontology.org/topic_0219
336,PolyPhen,PackageType,,,,,,,Type,http://edamontology.org/data_2100,N,,,,"DId not find it again, might have been removed",Yes,,
337,probe,PackageType,Probes,http://edamontology.org/topic_0632,Y,,,,Cancer type,http://edamontology.org/data_2592,N,,,,,Yes,Probes,http://edamontology.org/topic_0632
338,SIFT,PackageType,,,,,,,Cancer type,http://edamontology.org/data_2592,N,sif,http://edamontology.org/format_3619,N,Disappeared as well,Yes,,
339,SNPlocs,PackageType,SNP,http://edamontology.org/topic_2277,N,,,,SNP,http://edamontology.org/data_2092,N,,,,,Yes,SNP,http://edamontology.org/topic_2277
341,TxDb,PackageType,,,,,,,Type,http://edamontology.org/data_2100,N,,,,,Yes,"Data deposition, annotation and curation",http://edamontology.org/topic_0219
340,XtraSNPlocs,PackageType,,,,,,,Type,http://edamontology.org/data_2100,N,,,,,Yes,SNP,http://edamontology.org/topic_2277
170,BioCarta,Pathways,Signaling pathways,http://edamontology.org/topic_0754,N,Pathway simulation,http://edamontology.org/operation_3562,N,Pathway,http://edamontology.org/data_2600,Y,BioPAX,http://edamontology.org/format_3156,N,"Pathway database like KEGG, seems to be discontinued.  All ""Pathways"" tags should be mapped to Topic.  Synonym added to support mapping to correct ",Yes,,
167,GO,Pathways,Signaling pathways,http://edamontology.org/topic_0754,N,Pathway simulation,http://edamontology.org/operation_3562,N,GO,http://edamontology.org/data_1716,Y,Panther Pathways entry format,http://edamontology.org/format_1655,N,,Yes,"Molecular interactions, pathways and networks",http://edamontology.org/topic_0602
168,KEGG,Pathways,Signaling pathways,http://edamontology.org/topic_0754,N,Pathway simulation,http://edamontology.org/operation_3562,N,Pathway,http://edamontology.org/data_2600,Y,mega,http://edamontology.org/format_1991,N,,Yes,"Molecular interactions, pathways and networks",http://edamontology.org/topic_0603
171,NCINatureCurated,Pathways,Signaling pathways,http://edamontology.org/topic_0754,N,Pathway simulation,http://edamontology.org/operation_3562,N,Pathway,http://edamontology.org/data_2600,Y,Panther Pathways entry format,http://edamontology.org/format_1655,N,,Yes,"Molecular interactions, pathways and networks",http://edamontology.org/topic_0604
169,Reactome,Pathways,Signaling pathways,http://edamontology.org/topic_0754,N,Pathway simulation,http://edamontology.org/operation_3562,N,Pathway,http://edamontology.org/data_2600,Y,Panther Pathways entry format,http://edamontology.org/format_1655,N,,Yes,"Molecular interactions, pathways and networks",http://edamontology.org/topic_0605
410,ArrayExpress,RepositoryData,Microarray experiment,http://edamontology.org/topic_3518,N,,,,Ontology data,http://edamontology.org/data_2353,N,ArrayExpress entry format,http://edamontology.org/format_1640,Y,,No,,
414,ENCODE,RepositoryData,Regulatory RNA,http://edamontology.org/topic_0659,N,,,,EC code,http://edamontology.org/data_1011,N,,,,,No,,
409,GEO,RepositoryData,Regulatory RNA,http://edamontology.org/topic_0659,N,,,,GO,http://edamontology.org/data_1716,N,,,,,No,,
408,HapMap,RepositoryData,Regulatory RNA,http://edamontology.org/topic_0659,N,,,,Map,http://edamontology.org/data_1274,N,MAP,http://edamontology.org/format_3285,N,,No,,
411,NCI,RepositoryData,Regulatory RNA,http://edamontology.org/topic_0659,N,Pathway simulation,http://edamontology.org/operation_3562,N,,,,Panther Pathways entry format,http://edamontology.org/format_1655,N,,No,,
412,PathwayInteractionDatabase,RepositoryData,Regulatory RNA,http://edamontology.org/topic_0659,N,Molecular interaction analysis,http://edamontology.org/operation_2948,N,Atom interaction data,http://edamontology.org/data_1540,N,Protein interaction format,http://edamontology.org/format_2054,N,,No,,
413,Project1000genomes,RepositoryData,Regulatory RNA,http://edamontology.org/topic_0659,N,,,,Reaction data,http://edamontology.org/data_2978,N,,,,,No,,
61,Agroinformatics,ResearchField,Informatics,http://edamontology.org/topic_0605,N,,,,Version information,http://edamontology.org/data_0953,N,URI format,http://edamontology.org/format_2334,N,"""Research Field"" tags define the EDAM Topic.  ",No,,
56,BiomedicalInformatics,ResearchField,Biomedical informatics,http://edamontology.org/topic_3063,Y,,,,Taxonomic information,http://edamontology.org/data_1872,N,BioXSD XML format,http://edamontology.org/format_2352,N,,Yes,,
54,Biophysics,ResearchField,Biophysics,http://edamontology.org/topic_3306,Y,,,,JASPAR profile ID,http://edamontology.org/data_1119,N,,,,,Yes,,
44,CellBiology,ResearchField,Cell biology,http://edamontology.org/topic_2229,Y,,,,Cell type ontology ID,http://edamontology.org/data_3238,N,CellML,http://edamontology.org/format_3240,N,,Yes,,
52,Cheminformatics,ResearchField,Cheminformatics,http://edamontology.org/topic_2258,Y,Demonstration,http://edamontology.org/operation_2246,N,Taxonomic information,http://edamontology.org/data_1872,N,PHYLIP format,http://edamontology.org/format_1997,N,,Yes,,
57,ComparativeGenomics,ResearchField,Comparative genomics,http://edamontology.org/topic_0797,Y,,,,JASPAR profile ID,http://edamontology.org/data_1119,N,,,,,Yes,,
60,ComputationalChemistry,ResearchField,Computational chemistry,http://edamontology.org/topic_3332,Y,Computational procedure,http://edamontology.org/operation_0004,N,JASPAR profile ID,http://edamontology.org/data_1119,N,,,,,Yes,,
58,FunctionalGenomics,ResearchField,Functional genomics,http://edamontology.org/topic_0085,Y,Functional mapping,http://edamontology.org/operation_0486,N,JASPAR profile ID,http://edamontology.org/data_1119,N,,,,,Yes,,
45,Genetics,ResearchField,Genetics,http://edamontology.org/topic_3053,Y,Genetic mapping,http://edamontology.org/operation_0282,N,Gene ID,http://edamontology.org/data_2295,N,geneseq,http://edamontology.org/format_2186,N,,Yes,,
49,Lipidomics,ResearchField,Omics,http://edamontology.org/topic_3391,N,,,,LIPID MAPS ID,http://edamontology.org/data_2625,N,,,,,Yes,Lipids,http://edamontology.org/topic_0153
55,MathematicalBiology,ResearchField,Mathematical biology,http://edamontology.org/topic_3307,Y,Methylation calling,http://edamontology.org/operation_3205,N,JASPAR profile ID,http://edamontology.org/data_1119,N,,,,,Yes,,
46,Metabolomics,ResearchField,Metabolomics,http://edamontology.org/topic_3172,Y,,,,JASPAR profile ID,http://edamontology.org/data_1119,N,,,,,Yes,,
47,Metagenomics,ResearchField,Metagenomics,http://edamontology.org/topic_3174,Y,,,,JASPAR profile ID,http://edamontology.org/data_1119,N,,,,,Yes,,
51,Pharmacogenetics,ResearchField,Pharmacogenomics,http://edamontology.org/topic_0208,Y,Heat map generation,http://edamontology.org/operation_0531,N,JASPAR profile ID,http://edamontology.org/data_1119,N,,,,,Yes,,
50,Pharmacogenomics,ResearchField,Pharmacogenomics,http://edamontology.org/topic_0208,Y,,,,JASPAR profile ID,http://edamontology.org/data_1119,N,,,,,Yes,,
48,Proteomics,ResearchField,Proteomics,http://edamontology.org/topic_0121,Y,Protein docking,http://edamontology.org/operation_0478,N,Protein 3D motifs,http://edamontology.org/data_0899,N,prosite-profile,http://edamontology.org/format_1366,N,,Yes,,
53,StructuralGenomics,ResearchField,Structural genomics,http://edamontology.org/topic_0122,Y,Structure alignment (RNA),http://edamontology.org/operation_0506,N,Structure alignment,http://edamontology.org/data_0886,N,,,,,Yes,,
59,SystemsBiology,ResearchField,Systems biology,http://edamontology.org/topic_2259,Y,,,,Protein topology,http://edamontology.org/data_0875,N,,,,,Yes,,
62,Transcriptomics,ResearchField,Transcriptomics,http://edamontology.org/topic_3308,Y,,,,JASPAR profile ID,http://edamontology.org/data_1119,N,,,,,Yes,,
165,Epigenetics,ResearchFiled,Epigenetics,http://edamontology.org/topic_3295,Y,,,,EcoGene ID,http://edamontology.org/data_1795,N,,,,,Yes,,
229,GenomicSequence,SequenceAnnotation,Sequence annotation,http://edamontology.org/topic_0221,Y,Sequence annotation,http://edamontology.org/operation_0361,Y,Sequence position,http://edamontology.org/data_1016,N,Sequence variation annotation format,http://edamontology.org/format_2921,N,,No,,
139,ChIPSeq,Sequencing,Sequencing,http://edamontology.org/topic_3168,Y,,,,,,,,,,,No,,
148,DenovoGenome,Sequencing,Sequencing,http://edamontology.org/topic_3168,Y,Sequence mapping,http://edamontology.org/operation_2871,N,Sequences,http://edamontology.org/data_2044,N,Sequence range format,http://edamontology.org/format_2078,N,,No,,
150,DenovoTranscriptome,Sequencing,Sequencing,http://edamontology.org/topic_3168,Y,Sequence mapping,http://edamontology.org/operation_2871,N,Sequences,http://edamontology.org/data_2044,N,Sequence range format,http://edamontology.org/format_2078,N,,No,,
137,DNASeq,Sequencing,Sequencing,http://edamontology.org/topic_3168,Y,,,,,,,,,,,No,,
142,ExomeSeq,Sequencing,Sequencing,http://edamontology.org/topic_3168,Y,,,,,,,,,,,No,,
152,HiC,Sequencing,Sequencing,http://edamontology.org/topic_3168,N,Sequence mapping,http://edamontology.org/operation_2871,N,Sequences,http://edamontology.org/data_2044,N,Sequence range format,http://edamontology.org/format_2078,N,,No,,
141,MethylSeq,Sequencing,Sequencing,http://edamontology.org/topic_3168,Y,,,,,,,,,,,No,,
151,MicrobialStrain,Sequencing,Sequencing,http://edamontology.org/topic_3168,N,Sequence mapping,http://edamontology.org/operation_2871,N,Sequences,http://edamontology.org/data_2044,N,Sequence range format,http://edamontology.org/format_2078,N,,No,,
146,Microbiome,Sequencing,Sequencing,http://edamontology.org/topic_3168,N,,,,,,,,,,,No,,
143,miRNA,Sequencing,Sequencing,http://edamontology.org/topic_3168,N,,,,,,,,,,,No,,
140,RIPSeq,Sequencing,Sequencing,http://edamontology.org/topic_3168,Y,,,,,,,,,,,No,,
138,RNASeq,Sequencing,Sequencing,http://edamontology.org/topic_3168,Y,,,,,,,,,,,No,,
144,SangerSeq,Sequencing,Sequencing,http://edamontology.org/topic_3168,Y,,,,,,,,,,,No,,
145,SmallRNA,Sequencing,Sequencing,http://edamontology.org/topic_3168,Y,,,,,,,,,,,No,,
149,TargetedResequencing,Sequencing,Sequencing,http://edamontology.org/topic_3168,Y,Sequence mapping,http://edamontology.org/operation_2871,N,Sequences,http://edamontology.org/data_2044,N,Sequence range format,http://edamontology.org/format_2078,N,,No,,
147,WholeGenome,Sequencing,Sequencing,http://edamontology.org/topic_3168,Y,Sequence mapping,http://edamontology.org/operation_2871,N,Sequences,http://edamontology.org/data_2044,N,Sequence range format,http://edamontology.org/format_2078,N,,No,,
425,ChIPSeqData,SequencingData,Sequencing,http://edamontology.org/topic_3168,Y,Sequence generation,http://edamontology.org/operation_0230,N,Sequence name,http://edamontology.org/data_2154,N,Sequence range format,http://edamontology.org/format_2078,N,"All ""Sequencing Data"" tags should map to EDAM Topic",Yes,,
423,DNASeqData,SequencingData,Sequencing,http://edamontology.org/topic_3168,Y,Sequence generation,http://edamontology.org/operation_0230,N,Sequence name,http://edamontology.org/data_2154,N,Sequence range format,http://edamontology.org/format_2078,N,,Yes,,
428,ExomeSeqData,SequencingData,Sequencing,http://edamontology.org/topic_3168,Y,Sequence generation,http://edamontology.org/operation_0230,N,Sequence name,http://edamontology.org/data_2154,N,Sequence range format,http://edamontology.org/format_2078,N,,Yes,,
427,MethylSeqData,SequencingData,Sequencing,http://edamontology.org/topic_3168,Y,Sequence generation,http://edamontology.org/operation_0230,N,Sequence name,http://edamontology.org/data_2154,N,Sequence range format,http://edamontology.org/format_2078,N,,Yes,,
432,MicrobiomeData,SequencingData,Sequencing,http://edamontology.org/topic_3168,N,Sequence generation,http://edamontology.org/operation_0230,N,Sequence name,http://edamontology.org/data_2154,N,Sequence range format,http://edamontology.org/format_2078,N,,Yes,,
429,miRNAData,SequencingData,Sequencing,http://edamontology.org/topic_3168,N,Sequence annotation,http://edamontology.org/operation_0361,N,Sequence name,http://edamontology.org/data_2154,N,Sequence range format,http://edamontology.org/format_2078,N,,Yes,,
426,RIPSeqData,SequencingData,Sequencing,http://edamontology.org/topic_3168,Y,Sequence generation,http://edamontology.org/operation_0230,N,Sequence name,http://edamontology.org/data_2154,N,Sequence range format,http://edamontology.org/format_2078,N,,Yes,,
424,RNASeqData,SequencingData,Sequencing,http://edamontology.org/topic_3168,Y,Sequence generation,http://edamontology.org/operation_0230,N,Sequence name,http://edamontology.org/data_2154,N,Sequence range format,http://edamontology.org/format_2078,N,,Yes,,
430,SangerSeqData,SequencingData,Sequencing,http://edamontology.org/topic_3168,Y,Sequence generation,http://edamontology.org/operation_0230,N,Sequence name,http://edamontology.org/data_2154,N,Sequence range format,http://edamontology.org/format_2078,N,,Yes,,
431,SmallRNAData,SequencingData,Sequencing,http://edamontology.org/topic_3168,N,Sequence generation,http://edamontology.org/operation_0230,N,Sequence name,http://edamontology.org/data_2154,N,Sequence range format,http://edamontology.org/format_2078,N,,Yes,,
4,AssayDomain,Software,Software engineering,http://edamontology.org/topic_3372,N,,,,Experimental data,http://edamontology.org/data_2028,Y,Experiment annotation format,http://edamontology.org/format_3167,N,,No,,
7,BiologicalQuestion,Software,Software engineering,http://edamontology.org/topic_3372,N,Tau angle calculation,http://edamontology.org/operation_1828,N,Biological pathway map,http://edamontology.org/data_0947,N,,,,,No,,
10,Infrastructure,Software,RNA structure,http://edamontology.org/topic_0697,N,,,,Structure,http://edamontology.org/data_0883,N,,,,,No,,
6,ResearchField,Software,Software development,http://edamontology.org/topic_3372,N,Search,http://edamontology.org/operation_0224,N,,,,,,,,No,,
9,StatisticalMethod,Software,Software engineering,http://edamontology.org/topic_3372,N,,,,,,,,,,,No,,
5,Technology,Software,Biotechnology,http://edamontology.org/topic_3297,Y,,,,,,,Experiment annotation format,http://edamontology.org/format_3167,N,,No,,
8,WorkflowStep,Software,Workflows,http://edamontology.org/topic_0769,Y,,,,Workflow data,http://edamontology.org/data_2971,N,,,,,No,,
348,CellCulture,SpecimenSource,Cell culture,http://edamontology.org/topic_0608,Y,,,,Species name,http://edamontology.org/data_1045,N,EMBL feature,http://edamontology.org/format_1980,N,,No,,
346,Genome,SpecimenSource,Genome annotation,http://edamontology.org/topic_0222,N,,,,,,,,,,,No,,
349,Germline,SpecimenSource,Gene resources,http://edamontology.org/topic_2816,N,Genome annotation,http://edamontology.org/operation_0362,N,,,,GelML,http://edamontology.org/format_3249,N,,No,,
345,Proteome,SpecimenSource,Proteome,http://edamontology.org/topic_0644,Y,,,,Species name,http://edamontology.org/data_1045,N,prosite-profile,http://edamontology.org/format_1366,N,,No,,
350,Somatic,SpecimenSource,Mutation,http://edamontology.org/topic_0199,Y,,,,,,,PubMed citation,http://edamontology.org/format_1734,N,,No,,
347,StemCell,SpecimenSource,Stem cell research,http://edamontology.org/topic_3395,N,,,,Species name,http://edamontology.org/data_1045,N,,,,,No,,
344,Tissue,SpecimenSource,Tissue culture,http://edamontology.org/topic_0608,N,,,,,,,Microarray experiment data format,http://edamontology.org/format_2056,N,,No,,
116,Bayesian,StatisticalMethod,,,,Statistical calculation,http://edamontology.org/operation_2238,N,EMBL accession,http://edamontology.org/data_2290,N,,,,"All ""Statistical Method"" tags would map to EDAM Operation",No,,
117,Classification,StatisticalMethod,Classification,http://edamontology.org/topic_2230,Y,Classification,http://edamontology.org/operation_2990,Y,Protein classification,http://edamontology.org/data_2980,N,Raw CATH domain classification format,http://edamontology.org/format_3099,N,,Yes,,
118,Clustering,StatisticalMethod,Sequence clustering,http://edamontology.org/topic_0164,N,Clustering,http://edamontology.org/operation_3432,Y,SMILES string,http://edamontology.org/data_2301,N,clustal,http://edamontology.org/format_1982,N,,Yes,,
119,DecisionTree,StatisticalMethod,,,,Statistical calculation,http://edamontology.org/operation_2238,N,Species tree,http://edamontology.org/data_3272,N,,,,,No,,
120,DimensionReduction,StatisticalMethod,,,,Statistical calculation,http://edamontology.org/operation_2238,N,,,,,,,,No,,
121,FeatureExtraction,StatisticalMethod,Protein feature detection,http://edamontology.org/topic_3074,N,Entity extraction,http://edamontology.org/operation_3280,N,Feature table,http://edamontology.org/data_1270,N,Feature location,http://edamontology.org/format_1248,N,,No,,
122,GraphAndNetwork,StatisticalMethod,,,,,,,Network,http://edamontology.org/data_2600,N,,,,,No,,
123,HiddenMarkovModel,StatisticalMethod,,,,,,,Hidden Markov model,http://edamontology.org/data_1364,Y,,,,,No,,
124,MultidimensionalScaling,StatisticalMethod,,,,Statistical calculation,http://edamontology.org/operation_2238,N,,,,,,,,No,,
125,NeuralNetwork,StatisticalMethod,Gene regulatory networks,http://edamontology.org/topic_2846,N,,,,Network,http://edamontology.org/data_2600,Y,,,,,No,,
126,PatternLogic,StatisticalMethod,,,,Statistical calculation,http://edamontology.org/operation_2238,N,,,,,,,,No,,
127,PrincipalComponent,StatisticalMethod,,,,Microarray principal component plotting,http://edamontology.org/operation_2939,N,,,,,,,,No,,
128,Regression,StatisticalMethod,Drug design,http://edamontology.org/topic_0209,N,Conversion,http://edamontology.org/operation_3434,N,Drug accession,http://edamontology.org/data_2895,N,,,,,No,,
129,StructuralEquationModels,StatisticalMethod,Structural variation,http://edamontology.org/topic_3175,N,Structural variation discovery,http://edamontology.org/operation_3228,N,Statistical estimate score,http://edamontology.org/data_0951,N,,,,,No,,
130,SupportVectorMachine,StatisticalMethod,,,,Statistical calculation,http://edamontology.org/operation_2238,N,,,,,,,,No,,
131,Survival,StatisticalMethod,,,,Statistical calculation,http://edamontology.org/operation_2238,N,,,,,,,,No,,
132,TimeCourse,StatisticalMethod,,,,Statistical calculation,http://edamontology.org/operation_2238,N,,,,,,,,No,,
39,FlowCytometry,Technology,Biotechnology,http://edamontology.org/topic_3297,N,,,,,,,,,,,No,,
40,MassSpectrometry,Technology,Mass spectrometry,http://edamontology.org/topic_0134,Y,,,,,,,FSSP entry format,http://edamontology.org/format_1581,N,,No,,
38,Microarray,Technology,Microarrays,http://edamontology.org/topic_0200,Y,Microarray wave graph plotting,http://edamontology.org/operation_2935,N,,,,Microarray experiment data format,http://edamontology.org/format_2056,N,,No,,
42,MicrotitrePlateAssay,Technology,Biotechnology,http://edamontology.org/topic_3297,N,,,,,,,,,,,No,,
41,qPCR,Technology,Biotechnology,http://edamontology.org/topic_3297,N,,,,,,,pcx,http://edamontology.org/format_3595,N,,No,,
43,SAGE,Technology,Biotechnology,http://edamontology.org/topic_3297,N,,,,,,,,,,,No,,
37,Sequencing,Technology,Sequencing,http://edamontology.org/topic_3168,Y,,,,,,,,,,,No,,
401,CGHData,TechnologyData,Biotechnology,http://edamontology.org/topic_3297,N,,,,Data,http://edamontology.org/data_0006,Y,,,,"All ""Technology Data"" tags would map to EDAM Topic",No,,
395,FlowCytometryData,TechnologyData,Biotechnology,http://edamontology.org/topic_3297,N,,,,Ontology data,http://edamontology.org/data_2353,N,,,,,No,,
396,HighThroughputImagingData,TechnologyData,Biotechnology,http://edamontology.org/topic_3297,N,,,,Ontology data,http://edamontology.org/data_2353,N,,,,,No,,
397,MassSpectrometryData,TechnologyData,Biotechnology,http://edamontology.org/topic_3297,N,,,,Mass spectrometry data,http://edamontology.org/data_2536,Y,FSSP entry format,http://edamontology.org/format_1581,N,,No,,
403,MicroarrayData,TechnologyData,Biotechnology,http://edamontology.org/topic_3297,N,,,,Microarray data,http://edamontology.org/data_2603,Y,,,,,No,,
399,MicrotitrePlateAssayData,TechnologyData,Biotechnology,http://edamontology.org/topic_3297,N,,,,Ontology data,http://edamontology.org/data_2353,N,,,,,No,,
398,qPCRData,TechnologyData,Biotechnology,http://edamontology.org/topic_3297,N,,,,Data,http://edamontology.org/data_0006,N,,,,,No,,
400,SAGEData,TechnologyData,Biotechnology,http://edamontology.org/topic_3297,N,,,,Codon usage data,http://edamontology.org/data_0914,N,MAGE-TAB,http://edamontology.org/format_3162,N,,No,,
402,SequencingData,TechnologyData,Sequencing,http://edamontology.org/topic_3168,Y,Sequence generation,http://edamontology.org/operation_0230,N,Ontology data,http://edamontology.org/data_2353,N,Sequence range format,http://edamontology.org/format_2078,N,,No,,
172,Network,Visualization,VNTR annotation,http://edamontology.org/topic_2867,N,,,,,,,newick,http://edamontology.org/format_1910,N,,No,,
105,Alignment,WorkflowStep,Alignment,http://edamontology.org/topic_0083,Y,Alignment,http://edamontology.org/operation_2928,Y,Alignment,http://edamontology.org/data_1916,Y,msf alignment format,http://edamontology.org/format_1993,N,"All ""Workflow Step"" tags would map to EDAM Operation",No,,
106,Annotation,WorkflowStep,VNTR annotation,http://edamontology.org/topic_2867,Y,,,,,,,,,,,No,,
107,BatchEffect,WorkflowStep,Workflows,http://edamontology.org/topic_0769,N,,,,Workflow data,http://edamontology.org/data_2971,N,,,,,No,,
104,ExperimentalDesign,WorkflowStep,Workflows,http://edamontology.org/topic_0769,Y,,,,Workflow data,http://edamontology.org/data_2971,N,Experiment annotation format,http://edamontology.org/format_3167,N,,No,,
115,GenomeBrowsers,WorkflowStep,Workflows,http://edamontology.org/topic_0769,N,Genome comparison,http://edamontology.org/operation_3209,N,Workflow data,http://edamontology.org/data_2971,N,,,,,No,,
108,MultipleComparison,WorkflowStep,Workflows,http://edamontology.org/topic_0769,N,Structure comparison,http://edamontology.org/operation_2483,N,Workflow data,http://edamontology.org/data_2971,N,,,,,No,,
109,Normalization,WorkflowStep,Workflows,http://edamontology.org/topic_0769,N,Correlation,http://edamontology.org/operation_3465,N,Workflow data,http://edamontology.org/data_2971,N,Notation3,http://edamontology.org/format_3257,N,,No,,
110,Pathways,WorkflowStep,Signaling pathways,http://edamontology.org/topic_0754,N,,,,Pathway,http://edamontology.org/data_2600,Y,,,,Synonym added ,No,"Molecular interactions, pathways and networks",http://edamontology.org/topic_0602
111,Preprocessing,WorkflowStep,Proteins,http://edamontology.org/topic_0078,N,Processing,http://edamontology.org/operation_2420,Y,Workflow data,http://edamontology.org/data_2971,N,,,,,No,,
112,QualityControl,WorkflowStep,Workflows,http://edamontology.org/topic_0769,N,,,,Workflow data,http://edamontology.org/data_2971,N,,,,Synonym added,No,Validation,http://edamontology.org/operation_2428
113,ReportWriting,WorkflowStep,Workflows,http://edamontology.org/topic_0769,N,Splitting,http://edamontology.org/operation_3359,N,Workflow data,http://edamontology.org/data_2971,N,,,,,No,,
114,Visualization,WorkflowStep,Workflows,http://edamontology.org/topic_0769,N,Sequence visualisation,http://edamontology.org/operation_0564,N,Workflow data,http://edamontology.org/data_2971,N,,,,Synonym added with Americal spelling,No,Visualisation,http://edamontology.org/operation_0337